<?xml version="1.0"?>
<libraries>
  <library>
    <location>less/bootstrap</location>
    <name>Twitter Bootstrap</name>
    <license>Apache</license>
    <version>2.3.2</version>
    <licenseversion>2.0</licenseversion>
  </library>
  <library>
    <location>javascript/html5shiv.js</location>
    <name>Html5Shiv</name>
    <license>Apache</license>
    <version>3.7.3</version>
    <licenseversion>2.0</licenseversion>
  </library>
  <library>
    <location>amd/src/bootstrap.js</location>
    <name>bootstrap</name>
    <license>Apache</license>
    <version>2.3.2</version>
    <licenseversion>2.0</licenseversion>
  </library>
</libraries>
